split,n_plots,total_reference_trees,total_predicted_trees_all,total_tp,total_fp_labelled,total_fp_strict,total_fn,mean_f1_labelled,median_f1_labelled,min_f1_labelled,max_f1_labelled,mean_f1_strict,median_f1_strict,min_f1_strict,max_f1_strict,mean_iou,median_iou,mean_runtime_s,total_runtime_s
dev,21,807,1420,350,523,1070,457,0.45866014890306883,0.4533333333333333,0.0,1.0,0.3408525717572193,0.3423423423423423,0.0,0.7241379310344828,0.7612980621206534,0.7737418831314611,57.326994602235835,1203.8668866469525
test,11,323,653,186,228,467,137,0.5221866540710387,0.55,0.2424242424242424,0.8333333333333334,0.4021745538352326,0.4123711340206185,0.1584158415841584,0.5925925925925926,0.8290670595742203,0.8228804973578288,47.226985668890514,519.4968423577957
